,train,test,test_d
U,0.98550004,0.9895734,0.9310345
V,0.97950006,0.98746383,0.88793105
W,0.99450004,0.995671,0.7678572
UVW,0.99200004,0.9958618,0.8866279
