,train,test
U,0.98163396,0.9857483
V,0.9639528,0.96930945
W,0.7951583,0.7403599
