,train,test
U,0.99432534,0.9927536
V,0.9800374,0.99496216
W,0.8091079,0.78841305
