,train,test
U,0.9863439,0.99228793
V,0.9836683,0.98284316
W,0.73574144,0.7251185
