,train,test
U,0.9926471,0.9972826
V,0.97851443,0.9838275
W,0.7830721,0.7827161
