,train,test,test_d
U,0.99506176,0.9944762,0.92241377
V,0.94905055,0.9258711,0.8362069
W,0.9976779,0.98558843,0.7053572
