,train,test
U,0.9606496,0.95238096
V,0.9373838,0.94832045
W,0.6428123,0.6363636
