,train,test
U,0.96399754,0.9691517
V,0.9469027,0.9425837
W,0.74449337,0.72019464
