,train,test
U,0.99428934,0.9764151
V,0.98417723,0.98333335
W,0.80263984,0.7897311
